URL,traffic,traffic_cost,avg_position,keywords
https://www.designrush.com/agency/website-design-development,8824.0,106587.0,3.943820224719101,356
https://www.designrush.com/agency/web-development-companies,7010.0,93320.0,2.692556634304207,309
https://www.designrush.com/agency/profile/digitad,2228.0,37.0,2.5,2
https://www.designrush.com/agency/digital-marketing,2146.0,21871.0,6.266666666666667,180
https://www.designrush.com/agency/search-engine-optimization,1535.0,32161.0,9.08433734939759,166
https://www.designrush.com/agency/mobile-app-design-development,1117.0,30819.0,6.0134228187919465,149
https://www.designrush.com/agency/it-services/trends/it-services-for-business,838.0,12915.0,4.458333333333333,48
https://www.designrush.com/agency/video-marketing/trends/best-streaming-websites,823.0,1466.0,12.51388888888889,72
https://www.designrush.com/agency/web-development-companies/in,761.0,10146.0,1.9545454545454546,66
https://www.designrush.com/agency/search-engine-optimization/au,714.0,6872.0,2.877551020408163,49
https://www.designrush.com/agency/ui-ux-design/illinois/chicago,667.0,2427.0,4.666666666666667,3
https://www.designrush.com/agency/it-services/outsourcing,505.0,12440.0,4.9375,16
https://www.designrush.com/agency/website-design-development/new-york/new-york-city,505.0,4673.0,4.923076923076923,65
https://www.designrush.com/agency/website-design-development/texas/houston,490.0,7101.0,5.214285714285714,28
https://www.designrush.com/agency/digital-marketing/us,466.0,3495.0,2.3,50
https://www.designrush.com/agency/web-development-companies/us,457.0,4042.0,2.0,22
https://www.designrush.com/agency/web-development-companies/trends/website-dimensions,449.0,1884.0,3.9571428571428573,70
https://www.designrush.com/agency/mobile-app-design-development/trends/mobile-app-development-software,433.0,2208.0,4.0,32
https://www.designrush.com/agency/search-engine-optimization/ecommerce-seo,429.0,9216.0,4.741935483870968,31
https://www.designrush.com/agency/paid-media-pay-per-click,422.0,25354.0,7.325581395348837,43
https://www.designrush.com/agency/video-production,414.0,2710.0,6.0,41
https://www.designrush.com/agency/social-media-marketing/trends/alternative-social-media,404.0,1237.0,6.982456140350878,57
https://www.designrush.com/agency/search-engine-optimization/local-seo,394.0,5825.0,6.2727272727272725,55
https://www.designrush.com/agency/website-design-development/trends/pointless-websites,394.0,24.0,8.6875,32
https://www.designrush.com/agency/website-design-development/texas,382.0,1078.0,3.0,17
https://www.designrush.com/agency/search-engine-optimization/us,379.0,8019.0,4.450980392156863,51
https://www.designrush.com/agency/search-engine-optimization/uk,369.0,4308.0,6.3125,48
https://www.designrush.com/agency/search-engine-optimization/in,366.0,3733.0,7.476190476190476,42
https://www.designrush.com/agency/website-design-development/in,355.0,2101.0,2.1702127659574466,47
https://www.designrush.com/agency/logo-design/trends/what-is-logo-design,352.0,506.0,12.0,5
https://www.designrush.com/agency/ad-agencies/trends/types-of-advertising-strategies,335.0,1849.0,3.588235294117647,34
https://www.designrush.com/agency/website-design-development/us,309.0,2630.0,2.8055555555555554,36
https://www.designrush.com/agency/website-design-development/responsive,305.0,1485.0,3.473684210526316,19
https://www.designrush.com/agency/paid-media-pay-per-click/texas/dallas,300.0,2899.0,2.3684210526315788,19
https://www.designrush.com/agency/website-design-development/small-business,291.0,4258.0,8.333333333333334,30
https://www.designrush.com/agency/software-development/trends/open-source-software-examples,284.0,1203.0,5.4,20
https://www.designrush.com/agency/search-engine-optimization/texas,270.0,2213.0,1.9393939393939394,33
https://www.designrush.com/agency/paid-media-pay-per-click/google-adwords/trends/google-ads-costs,267.0,5628.0,8.73913043478261,23
https://www.designrush.com/agency/web-development-companies/trends/what-is-my-screen-resolution,264.0,0.0,9.5,26
https://www.designrush.com/agency/digital-marketing/trends/what-does-a-digital-marketing-agency-do,258.0,1673.0,6.947368421052632,19
https://www.designrush.com/agency/digital-marketing/cy,257.0,7.0,1.2857142857142858,7
https://www.designrush.com/agency/software-development,252.0,3373.0,9.911764705882353,34
https://www.designrush.com/agency/search-engine-optimization/enterprise-seo,246.0,1765.0,4.523809523809524,21
https://www.designrush.com/agency/search-engine-optimization/ph,243.0,2863.0,2.977272727272727,44
https://www.designrush.com/agency/ecommerce,242.0,9165.0,4.12,25
https://www.designrush.com/agency/paid-media-pay-per-click/trends/ppc-platforms,242.0,2491.0,2.6842105263157894,38
https://www.designrush.com/agency/social-media-marketing/trends/best-white-label-social-media-management-services,236.0,2243.0,3.1818181818181817,22
https://www.designrush.com/agency/digital-strategy-agencies,235.0,2094.0,2.25,4
https://www.designrush.com/agency/profile/alias-creative,231.0,0.0,4.0,1
https://www.designrush.com/agency/product-design/trends/product-design-development,225.0,1145.0,2.1538461538461537,13
https://www.designrush.com/agency/mobile-app-design-development/trends/most-downloaded-mobile-apps,224.0,222.0,3.5625,32
https://www.designrush.com/agency/search-engine-optimization/in/mumbai,222.0,571.0,2.142857142857143,49
https://www.designrush.com/agency/search-engine-optimization/au/melbourne,221.0,16.0,5.933333333333334,30
https://www.designrush.com/agency/digital-agencies,220.0,1420.0,4.181818181818182,11
https://www.designrush.com/agency/it-services,216.0,3482.0,5.416666666666667,12
https://www.designrush.com/agency/call-centers/surveys-companies,211.0,1864.0,3.4,10
https://www.designrush.com/agency/paid-media-pay-per-click/google-adwords,205.0,6744.0,6.6521739130434785,23
https://www.designrush.com/agency/paid-media-pay-per-click/trends/persuasive-ads-examples,205.0,1207.0,4.421052631578948,19
https://www.designrush.com/agency/ad-agencies/promotional-marketing,204.0,1082.0,2.1923076923076925,26
https://www.designrush.com/agency/affiliate-marketing,201.0,1138.0,5.454545454545454,11
https://www.designrush.com/agency/profile/aquare,198.0,1653.0,1.0,1
https://www.designrush.com/agency/profile/medl-mobile,191.0,1770.0,1.0,1
https://www.designrush.com/agency/profile/pure-media,191.0,467.0,1.0,1
https://www.designrush.com/agency/website-design-development/georgia/atlanta,190.0,2192.0,5.457142857142857,35
https://www.designrush.com/agency/video-production/new-york,182.0,1233.0,7.5,14
https://www.designrush.com/agency/search-engine-optimization/connecticut,180.0,2126.0,5.0,22
https://www.designrush.com/agency/business-consulting/trends/business-growth-consultant,179.0,1291.0,3.9285714285714284,14
https://www.designrush.com/agency/ecommerce/trends/how-much-does-it-cost-to-build-a-shopify-website,175.0,1019.0,2.25,16
https://www.designrush.com/agency/website-design-development/texas/dallas,174.0,1304.0,6.8125,32
https://www.designrush.com/agency/it-services/trends/types-of-information-technology,172.0,790.0,8.636363636363637,22
https://www.designrush.com/agency/ai-companies/trends/text-to-cad-ai,169.0,194.0,8.6,5
https://www.designrush.com/agency/search-engine-optimization/in/delhi,169.0,21.0,1.7352941176470589,34
https://www.designrush.com/agency/website-design-development/sg,168.0,1292.0,2.9655172413793105,29
https://www.designrush.com/agency/paid-media-pay-per-click/amazon,161.0,3853.0,5.705882352941177,17
https://www.designrush.com/agency/paid-media-pay-per-click/in,161.0,65.0,2.590909090909091,22
https://www.designrush.com/agency/software-development/us,157.0,4329.0,6.8125,16
https://www.designrush.com/agency/profile/ensync-corporation,157.0,0.0,1.0,1
https://www.designrush.com/agency/web-development-companies/in/pune,156.0,0.0,1.21875,32
https://www.designrush.com/agency/website-design-development/california,155.0,850.0,1.9411764705882353,17
https://www.designrush.com/agency/website-design-development/florida/miami,153.0,1653.0,6.217391304347826,23
https://www.designrush.com/agency/mobile-app-design-development/trends/how-to-develop-an-app,151.0,954.0,12.03448275862069,29
https://www.designrush.com/agency/email-marketing/us,149.0,3038.0,5.8,5
https://www.designrush.com/agency/software-development/flutter/trends/what-is-flutter,148.0,261.0,1.0,1
https://www.designrush.com/agency/hr-outsourcing/creative-staffing,145.0,284.0,6.777777777777778,18
https://www.designrush.com/agency/search-engine-optimization/california,144.0,1318.0,5.461538461538462,13
https://www.designrush.com/agency/mobile-app-design-development/trends/mobile-application-development-platform,143.0,401.0,2.2,5
https://www.designrush.com/agency/mobile-app-design-development/trends/best-mobile-banking-apps,140.0,1427.0,12.0,3
https://www.designrush.com/agency/ecommerce/magento,138.0,1624.0,2.3684210526315788,19
https://www.designrush.com/agency/paid-media-pay-per-click/in/mumbai,138.0,413.0,1.0,12
https://www.designrush.com/agency/search-engine-optimization/multilingual,137.0,0.0,3.2,10
https://www.designrush.com/agency/search-engine-optimization/au/perth,136.0,163.0,6.65,20
https://www.designrush.com/agency/digital-marketing/b2c,135.0,1011.0,2.875,8
https://www.designrush.com/agency/paid-media-pay-per-click/us,133.0,10172.0,2.625,8
https://www.designrush.com/agency/profile/servicii-seo,133.0,0.0,1.5,12
https://www.designrush.com/agency/search-engine-optimization/small-business,131.0,2570.0,10.615384615384615,13
https://www.designrush.com/agency/search-engine-optimization/automotive,129.0,1837.0,5.444444444444445,9
https://www.designrush.com/agency/search-engine-optimization/south-carolina/charleston,129.0,1207.0,4.125,16
https://www.designrush.com/agency/search-engine-optimization/new-york,128.0,1460.0,11.517241379310345,29
https://www.designrush.com/agency/ad-agencies,125.0,52.0,2.25,4
https://www.designrush.com/agency/package-design,122.0,609.0,5.615384615384615,13
